Rank,year,title,letterboxd_url
1,1941,Citizen Kane,https://letterboxd.com/film/citizen-kane/
2,1972,The Godfather,https://letterboxd.com/film/the-godfather/
3,1957,12 Angry Men,https://letterboxd.com/film/12-angry-men/
4,1942,Casablanca,https://letterboxd.com/film/casablanca/
5,1928,The Passion of Joan of Arc,https://letterboxd.com/film/the-passion-of-joan-of-arc/
6,1931,City Lights,https://letterboxd.com/film/city-lights/
7,1958,Vertigo,https://letterboxd.com/film/vertigo/
8,1927,Sunrise: A Song of Two Humans,https://letterboxd.com/film/sunrise-a-song-of-two-humans/
9,1974,The Godfather Part II,https://letterboxd.com/film/the-godfather-part-ii/
10,1954,Seven Samurai,https://letterboxd.com/film/seven-samurai/
11,1946,It's a Wonderful Life,https://letterboxd.com/film/its-a-wonderful-life/
12,1927,Metropolis,https://letterboxd.com/film/metropolis/
13,1954,Rear Window,https://letterboxd.com/film/rear-window/
14,1929,Man with a Movie Camera,https://letterboxd.com/film/man-with-a-movie-camera/
15,1950,Sunset Boulevard,https://letterboxd.com/film/sunset-boulevard/
16,1960,Psycho,https://letterboxd.com/film/psycho/
17,1953,Tokyo Story,https://letterboxd.com/film/tokyo-story/
18,1952,Singin' in the Rain,https://letterboxd.com/film/singin-in-the-rain/
19,1960,The Apartment,https://letterboxd.com/film/the-apartment/
20,1925,Battleship Potemkin,https://letterboxd.com/film/battleship-potemkin/
21,1962,Lawrence of Arabia,https://letterboxd.com/film/lawrence-of-arabia/
22,1949,The Third Man,https://letterboxd.com/film/the-third-man/
23,1964,Dr. Strangelove or: How I Learned to Stop Worrying and Love the Bomb,https://letterboxd.com/film/dr-strangelove-or-how-i-learned-to-stop-worrying-and-love-the-bomb/
24,1939,The Wizard of Oz,https://letterboxd.com/film/the-wizard-of-oz-1939/
25,1939,The Rules of the Game,https://letterboxd.com/film/the-rules-of-the-game/
26,1966,"The Good, the Bad and the Ugly",https://letterboxd.com/film/the-good-the-bad-and-the-ugly/
27,1950,All About Eve,https://letterboxd.com/film/all-about-eve/
28,1931,M,https://letterboxd.com/film/m/
29,1936,Modern Times,https://letterboxd.com/film/modern-times/
30,1944,Double Indemnity,https://letterboxd.com/film/double-indemnity/
31,1979,Apocalypse Now,https://letterboxd.com/film/apocalypse-now/
32,1950,Rashomon,https://letterboxd.com/film/rashomon/
33,1939,Gone with the Wind,https://letterboxd.com/film/gone-with-the-wind/
34,1946,The Best Years of Our Lives,https://letterboxd.com/film/the-best-years-of-our-lives/
35,1968,2001: A Space Odyssey,https://letterboxd.com/film/2001-a-space-odyssey/
36,1975,One Flew Over the Cuckoo's Nest,https://letterboxd.com/film/one-flew-over-the-cuckoos-nest/
37,1934,It Happened One Night,https://letterboxd.com/film/it-happened-one-night/
38,1930,All Quiet on the Western Front,https://letterboxd.com/film/all-quiet-on-the-western-front/
39,1948,Bicycle Thieves,https://letterboxd.com/film/bicycle-thieves/
40,1952,Ikiru,https://letterboxd.com/film/ikiru/
41,1959,Some Like It Hot,https://letterboxd.com/film/some-like-it-hot/
42,1945,Children of Paradise,https://letterboxd.com/film/children-of-paradise/
43,1940,The Grapes of Wrath,https://letterboxd.com/film/the-grapes-of-wrath/
44,1963,8½,https://letterboxd.com/film/8-half/
45,1924,Sherlock Jr.,https://letterboxd.com/film/sherlock-jr/
46,1945,Brief Encounter,https://letterboxd.com/film/brief-encounter/
47,1976,Taxi Driver,https://letterboxd.com/film/taxi-driver/
48,1966,The Battle of Algiers,https://letterboxd.com/film/the-battle-of-algiers/
49,1977,Star Wars,https://letterboxd.com/film/star-wars/
50,1940,The Great Dictator,https://letterboxd.com/film/the-great-dictator/
51,1926,The General,https://letterboxd.com/film/the-general/
52,1954,Sansho the Bailiff,https://letterboxd.com/film/sansho-the-bailiff/
53,1954,On the Waterfront,https://letterboxd.com/film/on-the-waterfront/
54,1957,The Bridge on the River Kwai,https://letterboxd.com/film/the-bridge-on-the-river-kwai/
55,1948,The Treasure of the Sierra Madre,https://letterboxd.com/film/the-treasure-of-the-sierra-madre/
56,1959,North by Northwest,https://letterboxd.com/film/north-by-northwest/
57,1957,Paths of Glory,https://letterboxd.com/film/paths-of-glory/
58,1955,The Night of the Hunter,https://letterboxd.com/film/the-night-of-the-hunter/
59,1949,Late Spring,https://letterboxd.com/film/late-spring/
60,1960,La Dolce Vita,https://letterboxd.com/film/la-dolce-vita/
61,1943,The Life and Death of Colonel Blimp,https://letterboxd.com/film/the-life-and-death-of-colonel-blimp/
62,1962,Harakiri,https://letterboxd.com/film/harakiri/
63,1985,Shoah,https://letterboxd.com/film/shoah/
64,1948,The Red Shoes,https://letterboxd.com/film/the-red-shoes/
65,1974,Chinatown,https://letterboxd.com/film/chinatown/
66,1982,Fanny and Alexander,https://letterboxd.com/film/fanny-and-alexander/
67,1975,Barry Lyndon,https://letterboxd.com/film/barry-lyndon/
68,1993,Schindler's List,https://letterboxd.com/film/schindlers-list/
69,1980,The Empire Strikes Back,https://letterboxd.com/film/the-empire-strikes-back/
70,1946,Notorious,https://letterboxd.com/film/notorious/
71,1937,Grand Illusion,https://letterboxd.com/film/grand-illusion/
72,1961,The Human Condition III: A Soldier's Prayer,https://letterboxd.com/film/the-human-condition-iii-a-soldiers-prayer/
73,1958,Touch of Evil,https://letterboxd.com/film/touch-of-evil/
74,1963,High and Low,https://letterboxd.com/film/high-and-low/
75,1977,Annie Hall,https://letterboxd.com/film/annie-hall/
76,1966,Persona,https://letterboxd.com/film/persona/
77,1957,The Seventh Seal,https://letterboxd.com/film/the-seventh-seal/
78,1969,Army of Shadows,https://letterboxd.com/film/army-of-shadows/
79,1985,Ran,https://letterboxd.com/film/ran/
80,1941,How Green Was My Valley,https://letterboxd.com/film/how-green-was-my-valley/
81,1959,The 400 Blows,https://letterboxd.com/film/the-400-blows/
82,1984,Amadeus,https://letterboxd.com/film/amadeus/
83,1979,Alien,https://letterboxd.com/film/alien/
84,1925,The Gold Rush,https://letterboxd.com/film/the-gold-rush/
85,1980,Raging Bull,https://letterboxd.com/film/raging-bull/
86,1994,The Shawshank Redemption,https://letterboxd.com/film/the-shawshank-redemption/
87,1990,GoodFellas,https://letterboxd.com/film/goodfellas/
88,1941,The Maltese Falcon,https://letterboxd.com/film/the-maltese-falcon-1941/
89,1961,Yojimbo,https://letterboxd.com/film/yojimbo/
90,1963,The Leopard,https://letterboxd.com/film/the-leopard/
91,1985,Come and See,https://letterboxd.com/film/come-and-see/
92,1942,To Be or Not to Be,https://letterboxd.com/film/to-be-or-not-to-be/
93,1978,The Deer Hunter,https://letterboxd.com/film/the-deer-hunter/
94,1961,The Hustler,https://letterboxd.com/film/the-hustler/
95,1957,Wild Strawberries,https://letterboxd.com/film/wild-strawberries/
96,1927,Napoleon,https://letterboxd.com/film/napoleon/
97,1964,Woman in the Dunes,https://letterboxd.com/film/woman-in-the-dunes/
98,1967,PlayTime,https://letterboxd.com/film/playtime/
99,1955,Ordet,https://letterboxd.com/film/ordet/
100,1973,The Sting,https://letterboxd.com/film/the-sting/
101,1953,The Wages of Fear,https://letterboxd.com/film/the-wages-of-fear/
102,1945,The Lost Weekend,https://letterboxd.com/film/the-lost-weekend/
103,1957,The Cranes Are Flying,https://letterboxd.com/film/the-cranes-are-flying/
104,1961,Viridiana,https://letterboxd.com/film/viridiana/
105,1966,Andrei Rublev,https://letterboxd.com/film/andrei-rublev/
106,1935,Bride of Frankenstein,https://letterboxd.com/film/bride-of-frankenstein/
107,1968,Once Upon a Time in the West,https://letterboxd.com/film/once-upon-a-time-in-the-west/
108,1955,Pather Panchali,https://letterboxd.com/film/pather-panchali/
109,1957,Nights of Cabiria,https://letterboxd.com/film/nights-of-cabiria/
110,1946,A Matter of Life and Death,https://letterboxd.com/film/a-matter-of-life-and-death/
111,1994,Pulp Fiction,https://letterboxd.com/film/pulp-fiction/
112,1940,The Philadelphia Story,https://letterboxd.com/film/the-philadelphia-story/
113,1969,Z,https://letterboxd.com/film/z/
114,1961,West Side Story,https://letterboxd.com/film/west-side-story/
115,1956,A Man Escaped,https://letterboxd.com/film/a-man-escaped/
116,1969,The Wild Bunch,https://letterboxd.com/film/the-wild-bunch/
117,1974,A Woman Under the Influence,https://letterboxd.com/film/a-woman-under-the-influence/
118,1981,Raiders of the Lost Ark,https://letterboxd.com/film/raiders-of-the-lost-ark/
119,1940,The Shop Around the Corner,https://letterboxd.com/film/the-shop-around-the-corner/
120,1939,Stagecoach,https://letterboxd.com/film/stagecoach/
121,1962,The Man Who Shot Liberty Valance,https://letterboxd.com/film/the-man-who-shot-liberty-valance/
122,1975,Dog Day Afternoon,https://letterboxd.com/film/dog-day-afternoon/
123,1938,Bringing Up Baby,https://letterboxd.com/film/bringing-up-baby/
124,1971,A Clockwork Orange,https://letterboxd.com/film/a-clockwork-orange/
125,1975,Nashville,https://letterboxd.com/film/nashville/
126,1959,Rio Bravo,https://letterboxd.com/film/rio-bravo/
127,1933,Duck Soup,https://letterboxd.com/film/duck-soup-1933/
128,1976,Network,https://letterboxd.com/film/network/
129,1937,Make Way for Tomorrow,https://letterboxd.com/film/make-way-for-tomorrow/
130,1956,The Searchers,https://letterboxd.com/film/the-searchers/
131,1957,Sweet Smell of Success,https://letterboxd.com/film/sweet-smell-of-success/
132,1959,Anatomy of a Murder,https://letterboxd.com/film/anatomy-of-a-murder/
133,1962,To Kill a Mockingbird,https://letterboxd.com/film/to-kill-a-mockingbird/
134,1952,Umberto D.,https://letterboxd.com/film/umberto-d/
135,1924,Greed,https://letterboxd.com/film/greed/
136,1934,L'Atalante,https://letterboxd.com/film/latalante/
137,1971,The French Connection,https://letterboxd.com/film/the-french-connection/
138,1966,Au Hasard Balthazar,https://letterboxd.com/film/au-hasard-balthazar/
139,1974,The Conversation,https://letterboxd.com/film/the-conversation/
140,1934,The Thin Man,https://letterboxd.com/film/the-thin-man/
141,1933,King Kong,https://letterboxd.com/film/king-kong/
142,1951,A Streetcar Named Desire,https://letterboxd.com/film/a-streetcar-named-desire/
143,1969,Midnight Cowboy,https://letterboxd.com/film/midnight-cowboy/
144,1964,I Am Cuba,https://letterboxd.com/film/i-am-cuba/
145,1991,The Silence of the Lambs,https://letterboxd.com/film/the-silence-of-the-lambs/
146,1980,The Shining,https://letterboxd.com/film/the-shining/
147,1941,The Lady Eve,https://letterboxd.com/film/the-lady-eve/
148,1953,Ugetsu,https://letterboxd.com/film/ugetsu/
149,1959,Apur Sansar,https://letterboxd.com/film/apur-sansar/
150,1932,Trouble in Paradise,https://letterboxd.com/film/trouble-in-paradise/
151,1938,The Lady Vanishes,https://letterboxd.com/film/the-lady-vanishes/
152,1967,Le Samouraï,https://letterboxd.com/film/le-samourai/
153,1940,Rebecca,https://letterboxd.com/film/rebecca/
154,1959,The Human Condition I: No Greater Love,https://letterboxd.com/film/the-human-condition-i-no-greater-love/
155,1945,"Rome, Open City",https://letterboxd.com/film/rome-open-city/
156,1975,Jaws,https://letterboxd.com/film/jaws/
157,1984,"Paris, Texas",https://letterboxd.com/film/paris-texas/
158,1955,Rififi,https://letterboxd.com/film/rififi/
159,1971,The Last Picture Show,https://letterboxd.com/film/the-last-picture-show/
160,1968,Rosemary's Baby,https://letterboxd.com/film/rosemarys-baby/
161,1967,The Graduate,https://letterboxd.com/film/the-graduate/
162,1988,Grave of the Fireflies,https://letterboxd.com/film/grave-of-the-fireflies/
163,1924,The Last Laugh,https://letterboxd.com/film/the-last-laugh/
164,1972,Cries and Whispers,https://letterboxd.com/film/cries-and-whispers/
165,1928,The Circus,https://letterboxd.com/film/the-circus/
166,1979,Stalker,https://letterboxd.com/film/stalker/
167,1960,Rocco and His Brothers,https://letterboxd.com/film/rocco-and-his-brothers/
168,1965,Red Beard,https://letterboxd.com/film/red-beard/
169,1985,Back to the Future,https://letterboxd.com/film/back-to-the-future/
170,1935,Top Hat,https://letterboxd.com/film/top-hat/
171,1970,Patton,https://letterboxd.com/film/patton/
172,1946,Beauty and the Beast,https://letterboxd.com/film/beauty-and-the-beast/
173,1954,La Strada,https://letterboxd.com/film/la-strada/
174,1970,The Conformist,https://letterboxd.com/film/the-conformist/
175,1982,Blade Runner,https://letterboxd.com/film/blade-runner/
176,1960,Le Trou,https://letterboxd.com/film/le-trou/
177,1921,The Kid,https://letterboxd.com/film/the-kid/
178,1962,An Autumn Afternoon,https://letterboxd.com/film/an-autumn-afternoon/
179,1975,"Jeanne Dielman, 23, quai du Commerce, 1080 Bruxelles",https://letterboxd.com/film/jeanne-dielman-23-quai-du-commerce-1080-bruxelles/
180,1940,Fantasia,https://letterboxd.com/film/fantasia/
181,1959,Ben-Hur,https://letterboxd.com/film/ben-hur-1959/
182,1967,War and Peace,https://letterboxd.com/film/war-and-peace-1967/
183,1965,The Sound of Music,https://letterboxd.com/film/the-sound-of-music/
184,1942,The Magnificent Ambersons,https://letterboxd.com/film/the-magnificent-ambersons/
185,1957,Witness for the Prosecution,https://letterboxd.com/film/witness-for-the-prosecution-1957/
186,1972,Solaris,https://letterboxd.com/film/solaris/
187,1978,Days of Heaven,https://letterboxd.com/film/days-of-heaven/
188,1926,Faust,https://letterboxd.com/film/faust-1926/
189,1989,Do the Right Thing,https://letterboxd.com/film/do-the-right-thing/
190,1941,Sullivan's Travels,https://letterboxd.com/film/sullivans-travels/
191,1937,The Awful Truth,https://letterboxd.com/film/the-awful-truth/
192,1975,Monty Python and the Holy Grail,https://letterboxd.com/film/monty-python-and-the-holy-grail/
193,1964,My Fair Lady,https://letterboxd.com/film/my-fair-lady/
194,1920,The Cabinet of Dr. Caligari,https://letterboxd.com/film/the-cabinet-of-dr-caligari-1920/
195,1955,Marty,https://letterboxd.com/film/marty/
196,1982,E.T. the Extra-Terrestrial,https://letterboxd.com/film/et-the-extra-terrestrial/
197,1938,You Can't Take It with You,https://letterboxd.com/film/you-cant-take-it-with-you/
198,1962,Cléo from 5 to 7,https://letterboxd.com/film/cleo-from-5-to-7/
199,1994,Three Colours: Red,https://letterboxd.com/film/three-colours-red/
200,1947,Out of the Past,https://letterboxd.com/film/out-of-the-past/
201,1977,The Ascent,https://letterboxd.com/film/the-ascent/
202,1950,The Young and the Damned,https://letterboxd.com/film/the-young-and-the-damned/
203,1973,Day for Night,https://letterboxd.com/film/day-for-night/
204,1992,Unforgiven,https://letterboxd.com/film/unforgiven/
205,1959,The Human Condition II: Road to Eternity,https://letterboxd.com/film/the-human-condition-ii-road-to-eternity/
206,1943,Shadow of a Doubt,https://letterboxd.com/film/shadow-of-a-doubt/
207,1976,Rocky,https://letterboxd.com/film/rocky/
208,1972,Cabaret,https://letterboxd.com/film/cabaret/
209,1961,Through a Glass Darkly,https://letterboxd.com/film/through-a-glass-darkly/
210,1946,The Big Sleep,https://letterboxd.com/film/the-big-sleep/
211,1928,The Crowd,https://letterboxd.com/film/the-crowd/
212,1956,Aparajito,https://letterboxd.com/film/aparajito/
213,1967,Cool Hand Luke,https://letterboxd.com/film/cool-hand-luke/
214,1972,The Discreet Charm of the Bourgeoisie,https://letterboxd.com/film/the-discreet-charm-of-the-bourgeoisie/
215,1979,All That Jazz,https://letterboxd.com/film/all-that-jazz/
216,1966,Who's Afraid of Virginia Woolf?,https://letterboxd.com/film/whos-afraid-of-virginia-woolf/
217,1973,Amarcord,https://letterboxd.com/film/amarcord/
218,1980,The Elephant Man,https://letterboxd.com/film/the-elephant-man/
219,1964,The Umbrellas of Cherbourg,https://letterboxd.com/film/the-umbrellas-of-cherbourg/
220,1939,Mr. Smith Goes to Washington,https://letterboxd.com/film/mr-smith-goes-to-washington/
221,1961,La Notte,https://letterboxd.com/film/la-notte/
222,1937,Snow White and the Seven Dwarfs,https://letterboxd.com/film/snow-white-and-the-seven-dwarfs/
223,1975,Mirror,https://letterboxd.com/film/mirror/
224,1946,My Darling Clementine,https://letterboxd.com/film/my-darling-clementine/
225,1932,I Am a Fugitive from a Chain Gang,https://letterboxd.com/film/i-am-a-fugitive-from-a-chain-gang/
226,1935,Mutiny on the Bounty,https://letterboxd.com/film/mutiny-on-the-bounty/
227,1960,L'Avventura,https://letterboxd.com/film/lavventura/
228,1961,Last Year at Marienbad,https://letterboxd.com/film/last-year-at-marienbad/
229,1967,Samurai Rebellion,https://letterboxd.com/film/samurai-rebellion/
230,1962,Jules and Jim,https://letterboxd.com/film/jules-and-jim/
231,1951,Strangers on a Train,https://letterboxd.com/film/strangers-on-a-train/
232,1976,All the President's Men,https://letterboxd.com/film/all-the-presidents-men/
233,1994,Hoop Dreams,https://letterboxd.com/film/hoop-dreams/
234,1953,From Here to Eternity,https://letterboxd.com/film/from-here-to-eternity/
235,1981,Das Boot,https://letterboxd.com/film/das-boot/
236,1916,Intolerance: Love's Struggle Throughout the Ages,https://letterboxd.com/film/intolerance-loves-struggle-throughout-the-ages/
237,1947,Black Narcissus,https://letterboxd.com/film/black-narcissus/
238,1943,Day of Wrath,https://letterboxd.com/film/day-of-wrath/
239,1962,The Given Word,https://letterboxd.com/film/the-given-word/
240,2003,The Lord of the Rings: The Return of the King,https://letterboxd.com/film/the-lord-of-the-rings-the-return-of-the-king/
241,1962,The Exterminating Angel,https://letterboxd.com/film/the-exterminating-angel/
242,1973,The Exorcist,https://letterboxd.com/film/the-exorcist/
243,1953,Roman Holiday,https://letterboxd.com/film/roman-holiday/
244,1960,Breathless,https://letterboxd.com/film/breathless/
245,1969,Butch Cassidy and the Sundance Kid,https://letterboxd.com/film/butch-cassidy-and-the-sundance-kid/
246,1973,Badlands,https://letterboxd.com/film/badlands/
247,1990,Close-Up,https://letterboxd.com/film/close-up/
248,1970,Woodstock,https://letterboxd.com/film/woodstock/
249,1948,Red River,https://letterboxd.com/film/red-river/
250,1952,The Life of Oharu,https://letterboxd.com/film/the-life-of-oharu/
251,1975,Dersu Uzala,https://letterboxd.com/film/dersu-uzala/
252,1980,Ordinary People,https://letterboxd.com/film/ordinary-people/
253,1994,Forrest Gump,https://letterboxd.com/film/forrest-gump/
254,1949,Kind Hearts and Coronets,https://letterboxd.com/film/kind-hearts-and-coronets/
255,1942,Mrs. Miniver,https://letterboxd.com/film/mrs-miniver/
256,1940,His Girl Friday,https://letterboxd.com/film/his-girl-friday/
257,1946,Shoeshine,https://letterboxd.com/film/shoeshine/
258,1971,McCabe & Mrs. Miller,https://letterboxd.com/film/mccabe-mrs-miller/
259,1988,Cinema Paradiso,https://letterboxd.com/film/cinema-paradiso/
260,1939,Only Angels Have Wings,https://letterboxd.com/film/only-angels-have-wings/
261,1963,The Great Escape,https://letterboxd.com/film/the-great-escape/
262,1942,The Ox-Bow Incident,https://letterboxd.com/film/the-ox-bow-incident/
263,1986,Platoon,https://letterboxd.com/film/platoon/
264,1970,Le Cercle Rouge,https://letterboxd.com/film/le-cercle-rouge/
265,1979,Kramer vs. Kramer,https://letterboxd.com/film/kramer-vs-kramer/
266,1924,Die Nibelungen: Siegfried,https://letterboxd.com/film/die-nibelungen-siegfried/
267,1944,Meet Me in St. Louis,https://letterboxd.com/film/meet-me-in-st-louis/
268,1980,Kagemusha,https://letterboxd.com/film/kagemusha/
269,1991,A Brighter Summer Day,https://letterboxd.com/film/a-brighter-summer-day/
270,1967,In the Heat of the Night,https://letterboxd.com/film/in-the-heat-of-the-night/
271,1949,White Heat,https://letterboxd.com/film/white-heat/
272,1932,"I Was Born, But...",https://letterboxd.com/film/i-was-born-but/
273,2023,Renaissance: A Film by Beyoncé,https://letterboxd.com/film/renaissance-a-film-by-beyonce/
274,1957,Throne of Blood,https://letterboxd.com/film/throne-of-blood/
275,2001,The Lord of the Rings: The Fellowship of the Ring,https://letterboxd.com/film/the-lord-of-the-rings-the-fellowship-of-the-ring/
276,1963,Winter Light,https://letterboxd.com/film/winter-light/
277,1952,High Noon,https://letterboxd.com/film/high-noon/
278,1945,Mildred Pierce,https://letterboxd.com/film/mildred-pierce/
279,1965,Chimes at Midnight,https://letterboxd.com/film/chimes-at-midnight/
280,1965,The Shop on Main Street,https://letterboxd.com/film/the-shop-on-main-street/
281,1966,A Man for All Seasons,https://letterboxd.com/film/a-man-for-all-seasons/
282,1922,Nosferatu,https://letterboxd.com/film/nosferatu/
283,1970,Investigation of a Citizen Above Suspicion,https://letterboxd.com/film/investigation-of-a-citizen-above-suspicion/
284,2001,Spirited Away,https://letterboxd.com/film/spirited-away/
285,1949,The Heiress,https://letterboxd.com/film/the-heiress/
286,1959,Hiroshima Mon Amour,https://letterboxd.com/film/hiroshima-mon-amour/
287,1952,The Quiet Man,https://letterboxd.com/film/the-quiet-man/
288,1973,The Spirit of the Beehive,https://letterboxd.com/film/the-spirit-of-the-beehive/
289,1982,Gandhi,https://letterboxd.com/film/gandhi/
290,1956,The Killing,https://letterboxd.com/film/the-killing/
291,1972,"Aguirre, the Wrath of God",https://letterboxd.com/film/aguirre-the-wrath-of-god/
292,1974,Ali: Fear Eats the Soul,https://letterboxd.com/film/ali-fear-eats-the-soul/
293,1944,Laura,https://letterboxd.com/film/laura/
294,1963,The Servant,https://letterboxd.com/film/the-servant/
295,1973,The Mother and the Whore,https://letterboxd.com/film/the-mother-and-the-whore/
296,1951,Early Summer,https://letterboxd.com/film/early-summer/
297,1964,A Hard Day's Night,https://letterboxd.com/film/a-hard-days-night/
298,1958,Mon Oncle,https://letterboxd.com/film/mon-oncle/
299,1961,The Innocents,https://letterboxd.com/film/the-innocents/
300,1974,Scenes from a Marriage,https://letterboxd.com/film/scenes-from-a-marriage/
301,1944,To Have and Have Not,https://letterboxd.com/film/to-have-and-have-not/
302,1953,The Earrings of Madame de...,https://letterboxd.com/film/the-earrings-of-madame-de/
303,2000,Yi Yi,https://letterboxd.com/film/yi-yi/
304,1969,Kes,https://letterboxd.com/film/kes/
305,1950,In a Lonely Place,https://letterboxd.com/film/in-a-lonely-place/
306,1998,Saving Private Ryan,https://letterboxd.com/film/saving-private-ryan/
307,1932,Freaks,https://letterboxd.com/film/freaks/
308,1976,The Fifth Seal,https://letterboxd.com/film/the-fifth-seal/
309,1960,The Virgin Spring,https://letterboxd.com/film/the-virgin-spring/
310,1961,Judgment at Nuremberg,https://letterboxd.com/film/judgment-at-nuremberg/
311,1953,Shane,https://letterboxd.com/film/shane/
312,1948,Hamlet,https://letterboxd.com/film/hamlet/
313,1928,The Wind,https://letterboxd.com/film/the-wind/
314,1989,Dead Poets Society,https://letterboxd.com/film/dead-poets-society/
315,1931,Frankenstein,https://letterboxd.com/film/frankenstein-1931/
316,1973,The Long Goodbye,https://letterboxd.com/film/the-long-goodbye/
317,1966,Blow-Up,https://letterboxd.com/film/blow-up/
318,1996,Secrets & Lies,https://letterboxd.com/film/secrets-lies/
319,1923,Safety Last!,https://letterboxd.com/film/safety-last/
320,1971,The Emigrants,https://letterboxd.com/film/the-emigrants/
321,1962,Ivan's Childhood,https://letterboxd.com/film/ivans-childhood/
322,1952,Limelight,https://letterboxd.com/film/limelight/
323,1976,Harlan County U.S.A.,https://letterboxd.com/film/harlan-county-usa/
324,1974,Edvard Munch,https://letterboxd.com/film/edvard-munch/
325,1950,Orpheus,https://letterboxd.com/film/orpheus/
326,1935,The 39 Steps,https://letterboxd.com/film/the-39-steps/
327,1984,This Is Spinal Tap,https://letterboxd.com/film/this-is-spinal-tap/
328,1951,Ace in the Hole,https://letterboxd.com/film/ace-in-the-hole/
329,1939,The Story of the Last Chrysanthemum,https://letterboxd.com/film/the-story-of-the-last-chrysanthemum/
330,1932,Shanghai Express,https://letterboxd.com/film/shanghai-express/
331,1936,Mr. Deeds Goes to Town,https://letterboxd.com/film/mr-deeds-goes-to-town/
332,1991,Raise the Red Lantern,https://letterboxd.com/film/raise-the-red-lantern/
333,1995,Toy Story,https://letterboxd.com/film/toy-story/
334,1966,A Man and a Woman,https://letterboxd.com/film/a-man-and-a-woman/
335,1951,An American in Paris,https://letterboxd.com/film/an-american-in-paris/
336,1929,Pandora's Box,https://letterboxd.com/film/pandoras-box/
337,1984,Once Upon a Time in America,https://letterboxd.com/film/once-upon-a-time-in-america/
338,1985,Tampopo,https://letterboxd.com/film/tampopo/
339,1939,Ninotchka,https://letterboxd.com/film/ninotchka/
340,1993,Farewell My Concubine,https://letterboxd.com/film/farewell-my-concubine/
341,1995,La Haine,https://letterboxd.com/film/la-haine/
342,1959,Imitation of Life,https://letterboxd.com/film/imitation-of-life-1959/
343,1960,Spartacus,https://letterboxd.com/film/spartacus/
344,1967,In Cold Blood,https://letterboxd.com/film/in-cold-blood/
345,1977,A Special Day,https://letterboxd.com/film/a-special-day/
346,1932,Scarface,https://letterboxd.com/film/scarface/
347,1978,The Tree of Wooden Clogs,https://letterboxd.com/film/the-tree-of-wooden-clogs/
348,1960,Macario,https://letterboxd.com/film/macario/
349,1936,My Man Godfrey,https://letterboxd.com/film/my-man-godfrey/
350,1982,Fitzcarraldo,https://letterboxd.com/film/fitzcarraldo/
351,1957,Pyaasa,https://letterboxd.com/film/pyaasa/
352,1948,Letter from an Unknown Woman,https://letterboxd.com/film/letter-from-an-unknown-woman/
353,1953,The Band Wagon,https://letterboxd.com/film/the-band-wagon/
354,1944,Gaslight,https://letterboxd.com/film/gaslight-1944/
355,1930,The Blue Angel,https://letterboxd.com/film/the-blue-angel/
356,1951,Diary of a Country Priest,https://letterboxd.com/film/diary-of-a-country-priest/
357,1990,Paris Is Burning,https://letterboxd.com/film/paris-is-burning/
358,2024,I'm Still Here,https://letterboxd.com/film/im-still-here-2024/
359,1959,Good Morning,https://letterboxd.com/film/good-morning/
360,1969,My Night at Maud's,https://letterboxd.com/film/my-night-at-mauds/
361,1987,Au Revoir les Enfants,https://letterboxd.com/film/au-revoir-les-enfants/
362,1974,Céline and Julie Go Boating,https://letterboxd.com/film/celine-and-julie-go-boating/
363,1946,Great Expectations,https://letterboxd.com/film/great-expectations/
364,1979,Breaking Away,https://letterboxd.com/film/breaking-away/
365,1973,Don't Look Now,https://letterboxd.com/film/dont-look-now/
366,1992,Baraka,https://letterboxd.com/film/baraka/
367,1961,Il Posto,https://letterboxd.com/film/il-posto/
368,1975,The Chaos Class,https://letterboxd.com/film/the-chaos-class/
369,1988,My Neighbor Totoro,https://letterboxd.com/film/my-neighbor-totoro/
370,1957,Tokyo Twilight,https://letterboxd.com/film/tokyo-twilight/
371,1968,Night of the Living Dead,https://letterboxd.com/film/night-of-the-living-dead/
372,1944,"Ivan the Terrible, Part I",https://letterboxd.com/film/ivan-the-terrible-part-i/
373,1978,The Last Waltz,https://letterboxd.com/film/the-last-waltz/
374,1982,The Thing,https://letterboxd.com/film/the-thing/
375,1938,The Adventures of Robin Hood,https://letterboxd.com/film/the-adventures-of-robin-hood/
376,1955,Rebel Without a Cause,https://letterboxd.com/film/rebel-without-a-cause/
377,1994,The Lion King,https://letterboxd.com/film/the-lion-king/
378,1962,Vivre Sa Vie,https://letterboxd.com/film/vivre-sa-vie/
379,1964,Mary Poppins,https://letterboxd.com/film/mary-poppins/
380,1940,Pinocchio,https://letterboxd.com/film/pinocchio/
381,1967,Bonnie and Clyde,https://letterboxd.com/film/bonnie-and-clyde/
382,1979,Manhattan,https://letterboxd.com/film/manhattan/
383,1937,Stage Door,https://letterboxd.com/film/stage-door/
384,1940,Foreign Correspondent,https://letterboxd.com/film/foreign-correspondent/
385,1984,Streetwise,https://letterboxd.com/film/streetwise/
386,1964,Charulata,https://letterboxd.com/film/charulata/
387,1958,Cat on a Hot Tin Roof,https://letterboxd.com/film/cat-on-a-hot-tin-roof/
388,1979,Being There,https://letterboxd.com/film/being-there/
389,2002,The Pianist,https://letterboxd.com/film/the-pianist/
390,1924,Die Nibelungen: Kriemhild's Revenge,https://letterboxd.com/film/die-nibelungen-kriemhilds-revenge/
391,1973,Paper Moon,https://letterboxd.com/film/paper-moon/
392,1978,Killer of Sheep,https://letterboxd.com/film/killer-of-sheep/
393,1975,The Passenger,https://letterboxd.com/film/the-passenger/
394,1967,The Young Girls of Rochefort,https://letterboxd.com/film/the-young-girls-of-rochefort/
395,1963,The Big City,https://letterboxd.com/film/the-big-city/
396,1951,A Place in the Sun,https://letterboxd.com/film/a-place-in-the-sun/
397,1985,Brazil,https://letterboxd.com/film/brazil/
398,1937,Pépé le Moko,https://letterboxd.com/film/pepe-le-moko/
399,1973,F for Fake,https://letterboxd.com/film/f-for-fake/
400,1958,The Hidden Fortress,https://letterboxd.com/film/the-hidden-fortress/
401,1954,Dial M for Murder,https://letterboxd.com/film/dial-m-for-murder/
402,1983,Scarface,https://letterboxd.com/film/scarface-1983/
403,1991,Terminator 2: Judgment Day,https://letterboxd.com/film/terminator-2-judgment-day/
404,1954,Johnny Guitar,https://letterboxd.com/film/johnny-guitar/
405,1980,Pixote,https://letterboxd.com/film/pixote/
406,1977,Close Encounters of the Third Kind,https://letterboxd.com/film/close-encounters-of-the-third-kind/
407,1939,Young Mr. Lincoln,https://letterboxd.com/film/young-mr-lincoln/
408,1967,Belle de Jour,https://letterboxd.com/film/belle-de-jour/
409,1973,American Graffiti,https://letterboxd.com/film/american-graffiti/
410,1959,Ballad of a Soldier,https://letterboxd.com/film/ballad-of-a-soldier/
411,1959,Pickpocket,https://letterboxd.com/film/pickpocket/
412,1996,Fargo,https://letterboxd.com/film/fargo/
413,1994,Satantango,https://letterboxd.com/film/satantango/
414,1960,Peeping Tom,https://letterboxd.com/film/peeping-tom/
415,1933,The Testament of Dr. Mabuse,https://letterboxd.com/film/the-testament-of-dr-mabuse/
416,1931,Tabu: A Story of the South Seas,https://letterboxd.com/film/tabu-a-story-of-the-south-seas/
417,1936,The Only Son,https://letterboxd.com/film/the-only-son/
418,1953,The Big Heat,https://letterboxd.com/film/the-big-heat/
419,1969,Funeral Parade of Roses,https://letterboxd.com/film/funeral-parade-of-roses/
420,1934,The Scarlet Empress,https://letterboxd.com/film/the-scarlet-empress/
421,1965,For a Few Dollars More,https://letterboxd.com/film/for-a-few-dollars-more/
422,1958,The Music Room,https://letterboxd.com/film/the-music-room/
423,2000,In the Mood for Love,https://letterboxd.com/film/in-the-mood-for-love/
424,1950,The Asphalt Jungle,https://letterboxd.com/film/the-asphalt-jungle/
425,1964,The Gospel According to Matthew,https://letterboxd.com/film/the-gospel-according-to-matthew-1964/
426,1937,Captains Courageous,https://letterboxd.com/film/captains-courageous/
427,2000,"Crouching Tiger, Hidden Dragon",https://letterboxd.com/film/crouching-tiger-hidden-dragon/
428,1939,Of Mice and Men,https://letterboxd.com/film/of-mice-and-men/
429,1994,Crumb,https://letterboxd.com/film/crumb/
430,1941,The Little Foxes,https://letterboxd.com/film/the-little-foxes/
431,1962,What Ever Happened to Baby Jane?,https://letterboxd.com/film/what-ever-happened-to-baby-jane/
432,1983,Sans Soleil,https://letterboxd.com/film/sans-soleil/
433,1982,Koyaanisqatsi,https://letterboxd.com/film/koyaanisqatsi/
434,1972,The New Land,https://letterboxd.com/film/the-new-land/
435,1965,Doctor Zhivago,https://letterboxd.com/film/doctor-zhivago/
436,1993,The Piano,https://letterboxd.com/film/the-piano/
437,1969,The Color of Pomegranates,https://letterboxd.com/film/the-color-of-pomegranates/
438,1971,Walkabout,https://letterboxd.com/film/walkabout/
439,1995,Se7en,https://letterboxd.com/film/se7en/
440,1950,The Gunfighter,https://letterboxd.com/film/the-gunfighter/
441,1963,The Birds,https://letterboxd.com/film/the-birds/
442,1953,Stalag 17,https://letterboxd.com/film/stalag-17/
443,1999,American Beauty,https://letterboxd.com/film/american-beauty/
444,1932,Grand Hotel,https://letterboxd.com/film/grand-hotel/
445,1959,Black Orpheus,https://letterboxd.com/film/black-orpheus/
446,1942,Yankee Doodle Dandy,https://letterboxd.com/film/yankee-doodle-dandy/
447,1969,The Cremator,https://letterboxd.com/film/the-cremator/
448,1953,Monsieur Hulot's Holiday,https://letterboxd.com/film/monsieur-hulots-holiday/
449,1987,The Last Emperor,https://letterboxd.com/film/the-last-emperor/
450,1964,Band of Outsiders,https://letterboxd.com/film/band-of-outsiders/
451,1987,Wings of Desire,https://letterboxd.com/film/wings-of-desire/
452,1935,Captain Blood,https://letterboxd.com/film/captain-blood/
453,1947,Miracle on 34th Street,https://letterboxd.com/film/miracle-on-34th-street/
454,1933,The Invisible Man,https://letterboxd.com/film/the-invisible-man/
455,1982,Tootsie,https://letterboxd.com/film/tootsie/
456,1986,Hannah and Her Sisters,https://letterboxd.com/film/hannah-and-her-sisters/
457,1952,Forbidden Games,https://letterboxd.com/film/forbidden-games-1952/
458,1993,Three Colours: Blue,https://letterboxd.com/film/three-colours-blue/
459,1982,The King of Comedy,https://letterboxd.com/film/the-king-of-comedy/
460,1935,Ruggles of Red Gap,https://letterboxd.com/film/ruggles-of-red-gap/
461,1987,Where Is the Friend's House?,https://letterboxd.com/film/where-is-the-friends-house/
462,1970,Five Easy Pieces,https://letterboxd.com/film/five-easy-pieces/
463,1946,Paisan,https://letterboxd.com/film/paisan/
464,1975,The Travelling Players,https://letterboxd.com/film/the-travelling-players/
465,2000,Werckmeister Harmonies,https://letterboxd.com/film/werckmeister-harmonies/
466,1926,The Adventures of Prince Achmed,https://letterboxd.com/film/the-adventures-of-prince-achmed/
467,1956,The Burmese Harp,https://letterboxd.com/film/the-burmese-harp/
468,1977,3 Women,https://letterboxd.com/film/3-women/
469,1954,Journey to Italy,https://letterboxd.com/film/journey-to-italy/
470,1955,Diabolique,https://letterboxd.com/film/diabolique-1955/
471,1958,Ashes and Diamonds,https://letterboxd.com/film/ashes-and-diamonds/
472,1921,The Phantom Carriage,https://letterboxd.com/film/the-phantom-carriage/
473,2007,There Will Be Blood,https://letterboxd.com/film/there-will-be-blood/
474,1997,L.A. Confidential,https://letterboxd.com/film/la-confidential/
475,1961,A Raisin in the Sun,https://letterboxd.com/film/a-raisin-in-the-sun/
476,1974,The Texas Chain Saw Massacre,https://letterboxd.com/film/the-texas-chain-saw-massacre/
477,1986,Aliens,https://letterboxd.com/film/aliens/
478,1947,Odd Man Out,https://letterboxd.com/film/odd-man-out/
479,1984,The Killing Fields,https://letterboxd.com/film/the-killing-fields/
480,1961,Victim,https://letterboxd.com/film/victim/
481,1995,Braveheart,https://letterboxd.com/film/braveheart/
482,1945,I Know Where I'm Going!,https://letterboxd.com/film/i-know-where-im-going/
483,1969,The Witness,https://letterboxd.com/film/the-witness/
484,1948,"Germany, Year Zero",https://letterboxd.com/film/germany-year-zero/
485,1967,Dont Look Back,https://letterboxd.com/film/dont-look-back-1967/
486,2002,City of God,https://letterboxd.com/film/city-of-god/
487,1959,The Great War,https://letterboxd.com/film/the-great-war/
488,1984,Threads,https://letterboxd.com/film/threads/
489,1983,L'Argent,https://letterboxd.com/film/largent-1983/
490,1993,In the Name of the Father,https://letterboxd.com/film/in-the-name-of-the-father-1993/
491,1927,Wings,https://letterboxd.com/film/wings/
492,1983,Terms of Endearment,https://letterboxd.com/film/terms-of-endearment/
493,1923,Our Hospitality,https://letterboxd.com/film/our-hospitality/
494,1979,The Marriage of Maria Braun,https://letterboxd.com/film/the-marriage-of-maria-braun/
495,1968,The Lion in Winter,https://letterboxd.com/film/the-lion-in-winter/
496,1962,Il Sorpasso,https://letterboxd.com/film/il-sorpasso/
497,1956,Written on the Wind,https://letterboxd.com/film/written-on-the-wind/
498,1925,The Big Parade,https://letterboxd.com/film/the-big-parade/
499,1948,La Terra Trema,https://letterboxd.com/film/la-terra-trema/
500,1967,Dragon Inn,https://letterboxd.com/film/dragon-inn/
501,1957,A Face in the Crowd,https://letterboxd.com/film/a-face-in-the-crowd/
502,1968,Planet of the Apes,https://letterboxd.com/film/planet-of-the-apes/
503,2007,No Country for Old Men,https://letterboxd.com/film/no-country-for-old-men/
504,2023,20 Days in Mariupol,https://letterboxd.com/film/20-days-in-mariupol/
505,1973,The Wicker Man,https://letterboxd.com/film/the-wicker-man/
506,1962,L'Eclisse,https://letterboxd.com/film/leclisse/
507,1964,Goldfinger,https://letterboxd.com/film/goldfinger/
508,2011,A Separation,https://letterboxd.com/film/a-separation/
509,1966,The Face of Another,https://letterboxd.com/film/the-face-of-another/
510,1989,My Left Foot: The Story of Christy Brown,https://letterboxd.com/film/my-left-foot-the-story-of-christy-brown/
511,1960,Inherit the Wind,https://letterboxd.com/film/inherit-the-wind/
512,1982,Missing,https://letterboxd.com/film/missing/
513,1984,Nausicaä of the Valley of the Wind,https://letterboxd.com/film/nausicaa-of-the-valley-of-the-wind/
514,1967,Marketa Lazarová,https://letterboxd.com/film/marketa-lazarova/
515,1987,Nayakan,https://letterboxd.com/film/nayakan/
516,2024,Look Back,https://letterboxd.com/film/look-back-2024/
517,1959,Floating Weeds,https://letterboxd.com/film/floating-weeds/
518,1962,The Manchurian Candidate,https://letterboxd.com/film/the-manchurian-candidate/
519,1974,Young Frankenstein,https://letterboxd.com/film/young-frankenstein/
520,1971,Wake in Fright,https://letterboxd.com/film/wake-in-fright/
521,1995,Heat,https://letterboxd.com/film/heat-1995/
522,1954,The Crucified Lovers,https://letterboxd.com/film/the-crucified-lovers/
523,1984,Balkan Spy,https://letterboxd.com/film/balkan-spy/
524,1969,The Sorrow and the Pity,https://letterboxd.com/film/the-sorrow-and-the-pity-1969/
525,1981,My Dinner with Andre,https://letterboxd.com/film/my-dinner-with-andre/
526,2012,Amour,https://letterboxd.com/film/amour/
527,1941,Dumbo,https://letterboxd.com/film/dumbo/
528,1982,The Marathon Family,https://letterboxd.com/film/the-marathon-family/
529,1986,The Sacrifice,https://letterboxd.com/film/the-sacrifice/
530,1925,Seven Chances,https://letterboxd.com/film/seven-chances/
531,1935,A Tale of Two Cities,https://letterboxd.com/film/a-tale-of-two-cities/
532,1963,The Silence,https://letterboxd.com/film/the-silence/
533,1992,Reservoir Dogs,https://letterboxd.com/film/reservoir-dogs/
534,1935,A Night at the Opera,https://letterboxd.com/film/a-night-at-the-opera/
535,1979,Life of Brian,https://letterboxd.com/film/life-of-brian/
536,1947,Monsieur Verdoux,https://letterboxd.com/film/monsieur-verdoux/
537,1971,Fiddler on the Roof,https://letterboxd.com/film/fiddler-on-the-roof/
538,1951,Miracle in Milan,https://letterboxd.com/film/miracle-in-milan/
539,1967,The Producers,https://letterboxd.com/film/the-producers/
540,1949,A Letter to Three Wives,https://letterboxd.com/film/a-letter-to-three-wives/
541,1962,Sanjuro,https://letterboxd.com/film/sanjuro/
542,1945,Spellbound,https://letterboxd.com/film/spellbound/
543,1977,That Obscure Object of Desire,https://letterboxd.com/film/that-obscure-object-of-desire/
544,1967,Mouchette,https://letterboxd.com/film/mouchette/
545,1968,Oliver!,https://letterboxd.com/film/oliver/
546,1960,When a Woman Ascends the Stairs,https://letterboxd.com/film/when-a-woman-ascends-the-stairs/
547,1929,Diary of a Lost Girl,https://letterboxd.com/film/diary-of-a-lost-girl/
548,1995,Underground,https://letterboxd.com/film/underground-1995/
549,1994,Chungking Express,https://letterboxd.com/film/chungking-express/
550,1995,Before Sunrise,https://letterboxd.com/film/before-sunrise/
551,1964,The Train,https://letterboxd.com/film/the-train/
552,1966,Closely Watched Trains,https://letterboxd.com/film/closely-watched-trains/
553,2006,The Departed,https://letterboxd.com/film/the-departed/
554,1981,Mephisto,https://letterboxd.com/film/mephisto/
555,1984,The Terminator,https://letterboxd.com/film/the-terminator/
556,1990,Dances with Wolves,https://letterboxd.com/film/dances-with-wolves/
557,1922,"Dr. Mabuse, the Gambler",https://letterboxd.com/film/dr-mabuse-the-gambler/
558,1964,Fail Safe,https://letterboxd.com/film/fail-safe/
559,1965,Le Bonheur,https://letterboxd.com/film/happiness-1965/
560,1951,The Lavender Hill Mob,https://letterboxd.com/film/the-lavender-hill-mob/
561,1968,Funny Girl,https://letterboxd.com/film/funny-girl/
562,1954,A Star Is Born,https://letterboxd.com/film/a-star-is-born-1954/
563,1973,Mean Streets,https://letterboxd.com/film/mean-streets/
564,1988,Rain Man,https://letterboxd.com/film/rain-man/
565,1939,"Goodbye, Mr. Chips",https://letterboxd.com/film/goodbye-mr-chips/
566,1956,Invasion of the Body Snatchers,https://letterboxd.com/film/invasion-of-the-body-snatchers/
567,1936,Fury,https://letterboxd.com/film/fury/
568,1936,Swing Time,https://letterboxd.com/film/swing-time/
569,1965,Repulsion,https://letterboxd.com/film/repulsion/
570,1938,Port of Shadows,https://letterboxd.com/film/port-of-shadows/
571,1964,Hamlet,https://letterboxd.com/film/hamlet-1964-1/
572,1960,The Cloud-Capped Star,https://letterboxd.com/film/the-cloud-capped-star/
573,1940,The Letter,https://letterboxd.com/film/the-letter/
574,1965,Pierrot le Fou,https://letterboxd.com/film/pierrot-le-fou/
575,1951,The African Queen,https://letterboxd.com/film/the-african-queen/
576,1974,The Enigma of Kaspar Hauser,https://letterboxd.com/film/the-enigma-of-kaspar-hauser/
577,1983,Nostalgia,https://letterboxd.com/film/nostalgia-1983/
578,1945,A Tree Grows in Brooklyn,https://letterboxd.com/film/a-tree-grows-in-brooklyn/
579,1960,Eyes Without a Face,https://letterboxd.com/film/eyes-without-a-face/
580,1962,The Miracle Worker,https://letterboxd.com/film/the-miracle-worker/
581,1980,Atlantic City,https://letterboxd.com/film/atlantic-city/
582,1946,"Ivan the Terrible, Part II: The Boyars' Plot",https://letterboxd.com/film/ivan-the-terrible-part-ii-the-boyars-plot/
583,1960,The Bad Sleep Well,https://letterboxd.com/film/the-bad-sleep-well/
584,1977,Stroszek,https://letterboxd.com/film/stroszek/
585,1944,Going My Way,https://letterboxd.com/film/going-my-way/
586,1984,Love Streams,https://letterboxd.com/film/love-streams/
587,2001,Mulholland Drive,https://letterboxd.com/film/mulholland-drive/
588,1942,Bambi,https://letterboxd.com/film/bambi/
589,1963,Charade,https://letterboxd.com/film/charade/
590,1989,A City of Sadness,https://letterboxd.com/film/a-city-of-sadness/
591,1971,Demons,https://letterboxd.com/film/demons-1971/
592,1936,Dodsworth,https://letterboxd.com/film/dodsworth/
593,1969,"They Shoot Horses, Don't They?",https://letterboxd.com/film/they-shoot-horses-dont-they/
594,1982,The Road,https://letterboxd.com/film/the-road-1982/
595,1944,A Canterbury Tale,https://letterboxd.com/film/a-canterbury-tale/
596,1939,The Roaring Twenties,https://letterboxd.com/film/the-roaring-twenties/
597,1991,Thelma & Louise,https://letterboxd.com/film/thelma-louise/
598,1969,The Adventures of Goopy and Bagha,https://letterboxd.com/film/the-adventures-of-goopy-and-bagha/
599,1980,Who's Singin' Over There?,https://letterboxd.com/film/whos-singin-over-there/
600,1961,Divorce Italian Style,https://letterboxd.com/film/divorce-italian-style/
601,1958,Room at the Top,https://letterboxd.com/film/room-at-the-top/
602,1963,The Fire Within,https://letterboxd.com/film/the-fire-within/
603,1985,Vagabond,https://letterboxd.com/film/vagabond/
604,2019,Parasite,https://letterboxd.com/film/parasite-2019/
605,1932,Vampyr,https://letterboxd.com/film/vampyr/
606,1997,Good Will Hunting,https://letterboxd.com/film/good-will-hunting/
607,1999,All About My Mother,https://letterboxd.com/film/all-about-my-mother/
608,1966,The Hero,https://letterboxd.com/film/the-hero-1966/
609,1974,The Man Who Sleeps,https://letterboxd.com/film/the-man-who-sleeps/
610,1968,if....,https://letterboxd.com/film/if/
611,1978,Autumn Sonata,https://letterboxd.com/film/autumn-sonata/
612,2024,The Wild Robot,https://letterboxd.com/film/the-wild-robot/
613,1928,The Last Command,https://letterboxd.com/film/the-last-command/
614,1949,All the King's Men,https://letterboxd.com/film/all-the-kings-men/
615,1997,Taste of Cherry,https://letterboxd.com/film/taste-of-cherry/
616,1991,The Double Life of Véronique,https://letterboxd.com/film/the-double-life-of-veronique/
617,1954,Touchez Pas au Grisbi,https://letterboxd.com/film/touchez-pas-au-grisbi/
618,1957,Kanal,https://letterboxd.com/film/kanal-1957/
619,1978,Halloween,https://letterboxd.com/film/halloween-1978/
620,1928,The Man Who Laughs,https://letterboxd.com/film/the-man-who-laughs/
621,1955,All That Heaven Allows,https://letterboxd.com/film/all-that-heaven-allows/
622,1964,Onibaba,https://letterboxd.com/film/onibaba/
623,1995,A Personal Journey With Martin Scorsese Through American Movies,https://letterboxd.com/film/a-personal-journey-with-martin-scorsese-through-american-movies/
624,1965,Shadows of Forgotten Ancestors,https://letterboxd.com/film/shadows-of-forgotten-ancestors/
625,1937,A Star Is Born,https://letterboxd.com/film/a-star-is-born/
626,1963,Contempt,https://letterboxd.com/film/contempt/
627,1961,The End of Summer,https://letterboxd.com/film/the-end-of-summer/
628,1961,Splendor in the Grass,https://letterboxd.com/film/splendor-in-the-grass/
629,1977,Eraserhead,https://letterboxd.com/film/eraserhead/
630,1964,Red Desert,https://letterboxd.com/film/red-desert/
631,1991,Beauty and the Beast,https://letterboxd.com/film/beauty-and-the-beast-1991/
632,1968,Shame,https://letterboxd.com/film/shame/
633,2006,Pan's Labyrinth,https://letterboxd.com/film/pans-labyrinth/
634,1986,Blue Velvet,https://letterboxd.com/film/blue-velvet/
635,1931,The Public Enemy,https://letterboxd.com/film/the-public-enemy/
636,1963,The Executioner,https://letterboxd.com/film/the-executioner/
637,1973,The Holy Mountain,https://letterboxd.com/film/the-holy-mountain/
638,1954,Twenty-Four Eyes,https://letterboxd.com/film/twenty-four-eyes/
639,2023,Anatomy of a Fall,https://letterboxd.com/film/anatomy-of-a-fall/
640,1954,Godzilla,https://letterboxd.com/film/godzilla/
641,1925,Strike,https://letterboxd.com/film/strike/
642,1991,JFK,https://letterboxd.com/film/jfk/
643,1942,Random Harvest,https://letterboxd.com/film/random-harvest/
644,1975,The Man Who Would Be King,https://letterboxd.com/film/the-man-who-would-be-king/
645,1975,Manila in the Claws of Light,https://letterboxd.com/film/manila-in-the-claws-of-light/
646,1977,Opening Night,https://letterboxd.com/film/opening-night/
647,1986,Stand by Me,https://letterboxd.com/film/stand-by-me/
648,1947,Gentleman's Agreement,https://letterboxd.com/film/gentlemans-agreement/
649,1958,Equinox Flower,https://letterboxd.com/film/equinox-flower/
650,1983,The Ballad of Narayama,https://letterboxd.com/film/the-ballad-of-narayama/
651,1938,Pygmalion,https://letterboxd.com/film/pygmalion/
652,1935,The Informer,https://letterboxd.com/film/the-informer/
653,1995,The Usual Suspects,https://letterboxd.com/film/the-usual-suspects/
654,1939,Wuthering Heights,https://letterboxd.com/film/wuthering-heights/
655,1958,The Defiant Ones,https://letterboxd.com/film/the-defiant-ones/
656,1983,Return of the Jedi,https://letterboxd.com/film/return-of-the-jedi/
657,1970,Tristana,https://letterboxd.com/film/tristana/
658,1981,Blow Out,https://letterboxd.com/film/blow-out/
659,1962,Sundays and Cybele,https://letterboxd.com/film/sundays-and-cybele/
660,1975,Grey Gardens,https://letterboxd.com/film/grey-gardens/
661,1938,Holiday,https://letterboxd.com/film/holiday/
662,1938,Angels with Dirty Faces,https://letterboxd.com/film/angels-with-dirty-faces/
663,1950,Harvey,https://letterboxd.com/film/harvey/
664,1953,Él,https://letterboxd.com/film/el/
665,1966,Masculin Féminin,https://letterboxd.com/film/masculin-feminin/
666,1968,Faces,https://letterboxd.com/film/faces-1968/
667,1948,The Fallen Idol,https://letterboxd.com/film/the-fallen-idol/
668,1968,The Great Silence,https://letterboxd.com/film/the-great-silence/
669,1999,Magnolia,https://letterboxd.com/film/magnolia/
670,1928,The Cameraman,https://letterboxd.com/film/the-cameraman/
671,1941,Hellzapoppin',https://letterboxd.com/film/hellzapoppin/
672,1983,The Right Stuff,https://letterboxd.com/film/the-right-stuff/
673,1941,Ball of Fire,https://letterboxd.com/film/ball-of-fire/
674,1943,The More the Merrier,https://letterboxd.com/film/the-more-the-merrier/
675,2023,Oppenheimer,https://letterboxd.com/film/oppenheimer-2023/
676,1931,Marius,https://letterboxd.com/film/marius/
677,1927,October (Ten Days that Shook the World),https://letterboxd.com/film/october-ten-days-that-shook-the-world/
678,1932,Horse Feathers,https://letterboxd.com/film/horse-feathers/
679,1930,City Girl,https://letterboxd.com/film/city-girl/
680,2000,Gladiator,https://letterboxd.com/film/gladiator-2000/
681,2021,Drive My Car,https://letterboxd.com/film/drive-my-car/
682,2006,The Lives of Others,https://letterboxd.com/film/the-lives-of-others/
683,1966,The Sword of Doom,https://letterboxd.com/film/the-sword-of-doom/
684,2004,Eternal Sunshine of the Spotless Mind,https://letterboxd.com/film/eternal-sunshine-of-the-spotless-mind/
685,1960,Late Autumn,https://letterboxd.com/film/late-autumn/
686,1939,Love Affair,https://letterboxd.com/film/love-affair-1939/
687,1985,El Keif,https://letterboxd.com/film/el-keif/
688,1967,Point Blank,https://letterboxd.com/film/point-blank/
689,1958,The Ballad of Narayama,https://letterboxd.com/film/the-ballad-of-narayama-1958/
690,1958,Big Deal on Madonna Street,https://letterboxd.com/film/big-deal-on-madonna-street/
691,1987,Pelle the Conqueror,https://letterboxd.com/film/pelle-the-conqueror/
692,1959,Fires on the Plain,https://letterboxd.com/film/fires-on-the-plain/
693,1997,Princess Mononoke,https://letterboxd.com/film/princess-mononoke/
694,1964,Pale Flower,https://letterboxd.com/film/pale-flower/
695,1979,Tess,https://letterboxd.com/film/tess/
696,1974,Alice in the Cities,https://letterboxd.com/film/alice-in-the-cities/
697,1982,The Verdict,https://letterboxd.com/film/the-verdict-1982/
698,1983,El Sur,https://letterboxd.com/film/el-sur/
699,1959,The Bridge,https://letterboxd.com/film/the-bridge-1959/
700,1945,Leave Her to Heaven,https://letterboxd.com/film/leave-her-to-heaven/
701,1951,Othello,https://letterboxd.com/film/othello-1951/
702,1971,The Working Class Goes to Heaven,https://letterboxd.com/film/the-working-class-goes-to-heaven/
703,1972,Deliverance,https://letterboxd.com/film/deliverance/
704,1988,Landscape in the Mist,https://letterboxd.com/film/landscape-in-the-mist/
705,1948,They Live by Night,https://letterboxd.com/film/they-live-by-night/
706,1988,Time of the Gypsies,https://letterboxd.com/film/time-of-the-gypsies/
707,1971,Dirty Harry,https://letterboxd.com/film/dirty-harry/
708,1970,The Land,https://letterboxd.com/film/the-land/
709,1974,Pastoral: To Die in the Country,https://letterboxd.com/film/pastoral-to-die-in-the-country/
710,1987,Withnail & I,https://letterboxd.com/film/withnail-i/
711,1958,Elevator to the Gallows,https://letterboxd.com/film/elevator-to-the-gallows/
712,1940,The Thief of Bagdad,https://letterboxd.com/film/the-thief-of-bagdad-1940/
713,1981,Chariots of Fire,https://letterboxd.com/film/chariots-of-fire/
714,2007,"4 Months, 3 Weeks and 2 Days",https://letterboxd.com/film/4-months-3-weeks-and-2-days/
715,1943,The Song of Bernadette,https://letterboxd.com/film/the-song-of-bernadette/
716,1961,"Léon Morin, Priest",https://letterboxd.com/film/leon-morin-priest/
717,1930,Earth,https://letterboxd.com/film/earth-1930/
718,1979,Vengeance Is Mine,https://letterboxd.com/film/vengeance-is-mine/
719,1944,Lifeboat,https://letterboxd.com/film/lifeboat/
720,1955,Kiss Me Deadly,https://letterboxd.com/film/kiss-me-deadly/
721,1966,Black Girl,https://letterboxd.com/film/black-girl-1966/
722,1962,The Longest Day,https://letterboxd.com/film/the-longest-day/
723,1922,Häxan,https://letterboxd.com/film/haxan/
724,1985,Mishima: A Life in Four Chapters,https://letterboxd.com/film/mishima-a-life-in-four-chapters/
725,2002,The Lord of the Rings: The Two Towers,https://letterboxd.com/film/the-lord-of-the-rings-the-two-towers/
726,2004,Million Dollar Baby,https://letterboxd.com/film/million-dollar-baby/
727,1996,Trainspotting,https://letterboxd.com/film/trainspotting/
728,1958,Auntie Mame,https://letterboxd.com/film/auntie-mame/
729,1942,The Palm Beach Story,https://letterboxd.com/film/the-palm-beach-story/
730,1933,Little Women,https://letterboxd.com/film/little-women/
731,1960,Elmer Gantry,https://letterboxd.com/film/elmer-gantry/
732,1984,Repentance,https://letterboxd.com/film/repentance/
733,2003,The Best of Youth,https://letterboxd.com/film/the-best-of-youth/
734,2024,Anora,https://letterboxd.com/film/anora/
735,1924,The Navigator,https://letterboxd.com/film/the-navigator/
736,1947,Crossfire,https://letterboxd.com/film/crossfire/
737,1991,Hearts of Darkness: A Filmmaker's Apocalypse,https://letterboxd.com/film/hearts-of-darkness-a-filmmakers-apocalypse/
738,1949,The Set-Up,https://letterboxd.com/film/the-set-up/
739,1956,Early Spring,https://letterboxd.com/film/early-spring/
740,1985,Taipei Story,https://letterboxd.com/film/taipei-story/
741,1979,The Very Same Munchhausen,https://letterboxd.com/film/the-very-same-munchhausen/
742,2013,12 Years a Slave,https://letterboxd.com/film/12-years-a-slave/
743,1995,Sense and Sensibility,https://letterboxd.com/film/sense-and-sensibility/
744,1955,Smiles of a Summer Night,https://letterboxd.com/film/smiles-of-a-summer-night/
745,1986,A Room with a View,https://letterboxd.com/film/a-room-with-a-view/
746,1927,7th Heaven,https://letterboxd.com/film/7th-heaven/
747,1928,"Steamboat Bill, Jr.",https://letterboxd.com/film/steamboat-bill-jr/
748,1951,The Day the Earth Stood Still,https://letterboxd.com/film/the-day-the-earth-stood-still/
749,2004,Before Sunset,https://letterboxd.com/film/before-sunset/
750,1935,David Copperfield,https://letterboxd.com/film/david-copperfield-1935/
751,1975,Picnic at Hanging Rock,https://letterboxd.com/film/picnic-at-hanging-rock/
752,2008,The Dark Knight,https://letterboxd.com/film/the-dark-knight/
753,1951,The River,https://letterboxd.com/film/the-river/
754,1952,The Bad and the Beautiful,https://letterboxd.com/film/the-bad-and-the-beautiful/
755,1988,Die Hard,https://letterboxd.com/film/die-hard/
756,1973,Serpico,https://letterboxd.com/film/serpico/
757,1924,He Who Gets Slapped,https://letterboxd.com/film/he-who-gets-slapped/
758,1988,"Distant Voices, Still Lives",https://letterboxd.com/film/distant-voices-still-lives/
759,1925,The Phantom of the Opera,https://letterboxd.com/film/the-phantom-of-the-opera/
760,1996,The English Patient,https://letterboxd.com/film/the-english-patient/
761,1998,The Celebration,https://letterboxd.com/film/the-celebration/
762,1975,Seven Beauties,https://letterboxd.com/film/seven-beauties/
763,1939,Daybreak,https://letterboxd.com/film/daybreak-1939/
764,1966,Daisies,https://letterboxd.com/film/daisies/
765,1977,Suspiria,https://letterboxd.com/film/suspiria/
766,1980,Moscow Does Not Believe in Tears,https://letterboxd.com/film/moscow-does-not-believe-in-tears/
767,1961,"One, Two, Three",https://letterboxd.com/film/one-two-three/
768,1972,The Dawns Here Are Quiet,https://letterboxd.com/film/the-dawns-here-are-quiet/
769,1934,The Goddess,https://letterboxd.com/film/the-goddess-1934/
770,1970,A Touch of Zen,https://letterboxd.com/film/a-touch-of-zen/
771,1985,The Time to Live and the Time to Die,https://letterboxd.com/film/the-time-to-live-and-the-time-to-die/
772,1974,The Phantom of Liberty,https://letterboxd.com/film/the-phantom-of-liberty/
773,1975,The Pinchcliffe Grand Prix,https://letterboxd.com/film/the-pinchcliffe-grand-prix/
774,1985,The Color Purple,https://letterboxd.com/film/the-color-purple/
775,1970,M*A*S*H,https://letterboxd.com/film/mash/
776,1998,The Thin Red Line,https://letterboxd.com/film/the-thin-red-line/
777,1946,The Killers,https://letterboxd.com/film/the-killers/
778,1962,Mafioso,https://letterboxd.com/film/mafioso/
779,1997,Boogie Nights,https://letterboxd.com/film/boogie-nights/
780,1973,The Day of the Jackal,https://letterboxd.com/film/the-day-of-the-jackal/
781,1995,Casino,https://letterboxd.com/film/casino/
782,1968,Memories of Underdevelopment,https://letterboxd.com/film/memories-of-underdevelopment/
783,1924,The Thief of Bagdad,https://letterboxd.com/film/the-thief-of-bagdad/
784,1927,The Unknown,https://letterboxd.com/film/the-unknown/
785,1936,Libeled Lady,https://letterboxd.com/film/libeled-lady/
786,1941,Here Comes Mr. Jordan,https://letterboxd.com/film/here-comes-mr-jordan/
787,1999,The Insider,https://letterboxd.com/film/the-insider/
788,1976,Carrie,https://letterboxd.com/film/carrie-1976/
789,1988,Akira,https://letterboxd.com/film/akira/
790,1940,The Mortal Storm,https://letterboxd.com/film/the-mortal-storm/
791,2021,Bo Burnham: Inside,https://letterboxd.com/film/bo-burnham-inside/
792,1951,The Browning Version,https://letterboxd.com/film/the-browning-version/
793,1964,Gertrud,https://letterboxd.com/film/gertrud/
794,1991,Thalapathi,https://letterboxd.com/film/thalapathi/
795,1944,Hail the Conquering Hero,https://letterboxd.com/film/hail-the-conquering-hero/
796,1948,Oliver Twist,https://letterboxd.com/film/oliver-twist-1948/
797,1949,Battleground,https://letterboxd.com/film/battleground-1949/
798,1970,Days and Nights in the Forest,https://letterboxd.com/film/days-and-nights-in-the-forest/
799,1938,Alexander Nevsky,https://letterboxd.com/film/alexander-nevsky/
800,1956,The Ten Commandments,https://letterboxd.com/film/the-ten-commandments-1956/
801,1966,Le Deuxième Souffle,https://letterboxd.com/film/le-deuxieme-souffle/
802,1983,Sagara Sangamam,https://letterboxd.com/film/sagara-sangamam/
803,1993,The Remains of the Day,https://letterboxd.com/film/the-remains-of-the-day/
804,1932,Love Me Tonight,https://letterboxd.com/film/love-me-tonight/
805,1976,Mikey and Nicky,https://letterboxd.com/film/mikey-and-nicky/
806,1994,To Live,https://letterboxd.com/film/to-live/
807,2005,Brokeback Mountain,https://letterboxd.com/film/brokeback-mountain/
808,2021,"Summer of Soul (...Or, When the Revolution Could Not Be Televised)",https://letterboxd.com/film/summer-of-soul-or-when-the-revolution-could/
809,1937,The Life of Emile Zola,https://letterboxd.com/film/the-life-of-emile-zola/
810,1944,Arsenic and Old Lace,https://letterboxd.com/film/arsenic-and-old-lace/
811,1963,The Organizer,https://letterboxd.com/film/the-organizer/
812,1971,Two-Lane Blacktop,https://letterboxd.com/film/two-lane-blacktop/
813,2023,Past Lives,https://letterboxd.com/film/past-lives/
814,1982,Veronika Voss,https://letterboxd.com/film/veronika-voss/
815,2018,Roma,https://letterboxd.com/film/roma-2018/
816,1953,Gate of Hell,https://letterboxd.com/film/gate-of-hell/
817,1961,Breakfast at Tiffany's,https://letterboxd.com/film/breakfast-at-tiffanys/
818,2012,The Act of Killing,https://letterboxd.com/film/the-act-of-killing/
819,2000,Memento,https://letterboxd.com/film/memento/
820,1966,The War Game,https://letterboxd.com/film/the-war-game/
821,1989,Kiki's Delivery Service,https://letterboxd.com/film/kikis-delivery-service/
822,1939,Destry Rides Again,https://letterboxd.com/film/destry-rides-again/
823,1963,Hud,https://letterboxd.com/film/hud/
824,2024,Wallace & Gromit: Vengeance Most Fowl,https://letterboxd.com/film/wallace-gromit-vengeance-most-fowl/
825,1942,Cat People,https://letterboxd.com/film/cat-people/
826,1985,The Official Story,https://letterboxd.com/film/the-official-story/
827,1994,Through the Olive Trees,https://letterboxd.com/film/through-the-olive-trees/
828,1961,Placido,https://letterboxd.com/film/placido/
829,1968,Yellow Submarine,https://letterboxd.com/film/yellow-submarine/
830,2021,Come from Away,https://letterboxd.com/film/come-from-away/
831,1946,Panic,https://letterboxd.com/film/panic/
832,1976,News from Home,https://letterboxd.com/film/news-from-home/
833,1986,The Green Ray,https://letterboxd.com/film/the-green-ray/
834,1987,Broadcast News,https://letterboxd.com/film/broadcast-news/
835,1955,East of Eden,https://letterboxd.com/film/east-of-eden/
836,1977,21 Up,https://letterboxd.com/film/21-up/
837,1993,The Fugitive,https://letterboxd.com/film/the-fugitive-1993/
838,1960,Letter Never Sent,https://letterboxd.com/film/letter-never-sent/
839,1934,The Gay Divorcee,https://letterboxd.com/film/the-gay-divorcee/
840,1955,The Ladykillers,https://letterboxd.com/film/the-ladykillers/
841,1972,The Bitter Tears of Petra von Kant,https://letterboxd.com/film/the-bitter-tears-of-petra-von-kant/
842,1987,The Princess Bride,https://letterboxd.com/film/the-princess-bride/
843,1965,The Saragossa Manuscript,https://letterboxd.com/film/the-saragossa-manuscript/
844,1992,"Life, and Nothing More…",https://letterboxd.com/film/life-and-nothing-more/
845,1962,Mamma Roma,https://letterboxd.com/film/mamma-roma/
846,1963,America America,https://letterboxd.com/film/america-america/
847,1968,Death by Hanging,https://letterboxd.com/film/death-by-hanging/
848,1971,Punishment Park,https://letterboxd.com/film/punishment-park/
849,2000,The Gleaners and I,https://letterboxd.com/film/the-gleaners-and-i/
850,1984,The Times of Harvey Milk,https://letterboxd.com/film/the-times-of-harvey-milk/
851,1956,Bob le Flambeur,https://letterboxd.com/film/bob-le-flambeur/
852,1975,The Promised Land,https://letterboxd.com/film/the-promised-land-1975/
853,1996,"Pretty Village, Pretty Flame",https://letterboxd.com/film/pretty-village-pretty-flame/
854,1974,Bring Me the Head of Alfredo Garcia,https://letterboxd.com/film/bring-me-the-head-of-alfredo-garcia/
855,1997,Titanic,https://letterboxd.com/film/titanic-1997/
856,1954,French Cancan,https://letterboxd.com/film/french-cancan/
857,1965,The Hill,https://letterboxd.com/film/the-hill/
858,1976,Tosun Pasha,https://letterboxd.com/film/tosun-pasha/
859,2021,Flee,https://letterboxd.com/film/flee-2021/
860,1943,Heaven Can Wait,https://letterboxd.com/film/heaven-can-wait/
861,1965,Simon of the Desert,https://letterboxd.com/film/simon-of-the-desert/
862,1983,Tender Mercies,https://letterboxd.com/film/tender-mercies/
863,1948,The Snake Pit,https://letterboxd.com/film/the-snake-pit/
864,1961,Chronicle of a Summer,https://letterboxd.com/film/chronicle-of-a-summer/
865,1974,Hearts and Minds,https://letterboxd.com/film/hearts-and-minds/
866,1991,Kit Kat,https://letterboxd.com/film/kit-kat/
867,2003,Oldboy,https://letterboxd.com/film/oldboy/
868,1989,The Killer,https://letterboxd.com/film/the-killer/
869,1941,Sergeant York,https://letterboxd.com/film/sergeant-york/
870,1999,The Matrix,https://letterboxd.com/film/the-matrix/
871,1956,Street of Shame,https://letterboxd.com/film/street-of-shame/
872,1975,Love and Death,https://letterboxd.com/film/love-and-death/
873,1999,The Iron Giant,https://letterboxd.com/film/the-iron-giant/
874,1947,Jenny Lamour,https://letterboxd.com/film/jenny-lamour/
875,1987,Babette's Feast,https://letterboxd.com/film/babettes-feast/
876,1948,Spring in a Small Town,https://letterboxd.com/film/spring-in-a-small-town/
877,2004,Nobody Knows,https://letterboxd.com/film/nobody-knows/
878,1945,Detour,https://letterboxd.com/film/detour/
879,1976,The Foster Brothers,https://letterboxd.com/film/the-foster-brothers/
880,1978,Blue Collar,https://letterboxd.com/film/blue-collar/
881,1926,A Page of Madness,https://letterboxd.com/film/a-page-of-madness/
882,1980,My American Uncle,https://letterboxd.com/film/my-american-uncle/
883,1988,Women on the Verge of a Nervous Breakdown,https://letterboxd.com/film/women-on-the-verge-of-a-nervous-breakdown/
884,1973,Ivan Vasilyevich Changes His Profession,https://letterboxd.com/film/ivan-vasilyevich-changes-his-profession/
885,1975,Deep Red,https://letterboxd.com/film/deep-red/
886,1933,42nd Street,https://letterboxd.com/film/42nd-street/
887,1982,Burden of Dreams,https://letterboxd.com/film/burden-of-dreams/
888,1973,My Dear Brother,https://letterboxd.com/film/my-dear-brother/
889,1971,Harold and Maude,https://letterboxd.com/film/harold-and-maude/
890,1978,Neşeli Günler,https://letterboxd.com/film/neseli-gunler/
891,1981,Possession,https://letterboxd.com/film/possession/
892,1993,Jurassic Park,https://letterboxd.com/film/jurassic-park/
893,2015,Spotlight,https://letterboxd.com/film/spotlight/
894,1994,In the Heat of the Sun,https://letterboxd.com/film/in-the-heat-of-the-sun/
895,2003,Memories of Murder,https://letterboxd.com/film/memories-of-murder/
896,1948,Johnny Belinda,https://letterboxd.com/film/johnny-belinda/
897,1955,Bad Day at Black Rock,https://letterboxd.com/film/bad-day-at-black-rock/
898,1960,Purple Noon,https://letterboxd.com/film/purple-noon/
899,1972,Fat City,https://letterboxd.com/film/fat-city/
900,1976,Kings of the Road,https://letterboxd.com/film/kings-of-the-road/
901,1978,Dawn of the Dead,https://letterboxd.com/film/dawn-of-the-dead/
902,1984,The Holy Innocents,https://letterboxd.com/film/the-holy-innocents/
903,1987,Full Metal Jacket,https://letterboxd.com/film/full-metal-jacket/
904,1969,Salesman,https://letterboxd.com/film/salesman/
905,1999,Being John Malkovich,https://letterboxd.com/film/being-john-malkovich/
906,1922,Nanook of the North,https://letterboxd.com/film/nanook-of-the-north/
907,1937,Lost Horizon,https://letterboxd.com/film/lost-horizon/
908,1931,Dr. Jekyll and Mr. Hyde,https://letterboxd.com/film/dr-jekyll-and-mr-hyde-1931/
909,1958,A Night to Remember,https://letterboxd.com/film/a-night-to-remember/
910,1993,Short Cuts,https://letterboxd.com/film/short-cuts/
911,1965,Darling,https://letterboxd.com/film/darling/
912,1973,Lady Snowblood,https://letterboxd.com/film/lady-snowblood/
913,1984,28 Up,https://letterboxd.com/film/28-up/
914,1964,Zorba the Greek,https://letterboxd.com/film/zorba-the-greek/
915,1977,Mimino,https://letterboxd.com/film/mimino/
916,1956,Giant,https://letterboxd.com/film/giant/
917,1980,Coal Miner's Daughter,https://letterboxd.com/film/coal-miners-daughter/
918,2001,Y Tu Mamá También,https://letterboxd.com/film/y-tu-mama-tambien/
919,1949,Stray Dog,https://letterboxd.com/film/stray-dog/
920,1986,Jean de Florette,https://letterboxd.com/film/jean-de-florette/
921,2010,The King's Speech,https://letterboxd.com/film/the-kings-speech/
922,1942,"Now, Voyager",https://letterboxd.com/film/now-voyager/
923,1972,"What's Up, Doc?",https://letterboxd.com/film/whats-up-doc-1972/
924,1947,The Ghost and Mrs. Muir,https://letterboxd.com/film/the-ghost-and-mrs-muir/
925,1980,The Long Good Friday,https://letterboxd.com/film/the-long-good-friday/
926,1992,Aladdin,https://letterboxd.com/film/aladdin/
927,1968,The Swimmer,https://letterboxd.com/film/the-swimmer/
928,1975,My Friends,https://letterboxd.com/film/my-friends-1975/
929,2000,A Dog's Will,https://letterboxd.com/film/a-dogs-will/
930,2024,The Remarkable Life of Ibelin,https://letterboxd.com/film/the-remarkable-life-of-ibelin/
931,1981,The Decline of Western Civilization,https://letterboxd.com/film/the-decline-of-western-civilization/
932,1993,Manichitrathazhu,https://letterboxd.com/film/manichitrathazhu/
933,1952,Europe '51,https://letterboxd.com/film/europe-51/
934,1953,Little Fugitive,https://letterboxd.com/film/little-fugitive-1953/
935,1977,The Girl with the Red Scarf,https://letterboxd.com/film/the-girl-with-the-red-scarf/
936,1931,La Chienne,https://letterboxd.com/film/la-chienne/
937,1977,Office Romance,https://letterboxd.com/film/office-romance/
938,1978,In a Year with 13 Moons,https://letterboxd.com/film/in-a-year-with-13-moons/
939,1925,Ben-Hur: A Tale of the Christ,https://letterboxd.com/film/ben-hur-a-tale-of-the-christ/
940,1998,After Life,https://letterboxd.com/film/after-life/
941,2023,Perfect Days,https://letterboxd.com/film/perfect-days-2023/
942,1980,Breaker Morant,https://letterboxd.com/film/breaker-morant/
943,1982,Moondram Pirai,https://letterboxd.com/film/moondram-pirai/
944,1928,Lonesome,https://letterboxd.com/film/lonesome/
945,1962,Ride the High Country,https://letterboxd.com/film/ride-the-high-country/
946,1950,Winchester '73,https://letterboxd.com/film/winchester-73/
947,1988,A Short Film About Killing,https://letterboxd.com/film/a-short-film-about-killing/
948,1993,Naked,https://letterboxd.com/film/naked/
949,1978,An Unmarried Woman,https://letterboxd.com/film/an-unmarried-woman/
950,1979,Camera Buff,https://letterboxd.com/film/camera-buff/
951,1998,Central Station,https://letterboxd.com/film/central-station/
952,1943,Ossessione,https://letterboxd.com/film/ossessione/
953,1959,Kaagaz Ke Phool,https://letterboxd.com/film/kaagaz-ke-phool/
954,1967,Guess Who's Coming to Dinner,https://letterboxd.com/film/guess-whos-coming-to-dinner/
955,1968,Romeo and Juliet,https://letterboxd.com/film/romeo-and-juliet-1968/
956,1967,Titicut Follies,https://letterboxd.com/film/titicut-follies/
957,1950,Night and the City,https://letterboxd.com/film/night-and-the-city/
958,1955,To Catch a Thief,https://letterboxd.com/film/to-catch-a-thief/
959,1961,The Monkey King: Havoc in Heaven,https://letterboxd.com/film/the-monkey-king-havoc-in-heaven/
960,1968,Hour of the Wolf,https://letterboxd.com/film/hour-of-the-wolf/
961,1988,A Short Film About Love,https://letterboxd.com/film/a-short-film-about-love/
962,1930,L'Âge d'or,https://letterboxd.com/film/lage-dor/
963,1999,Beau Travail,https://letterboxd.com/film/beau-travail/
964,1956,Bigger Than Life,https://letterboxd.com/film/bigger-than-life/
965,1968,Stolen Kisses,https://letterboxd.com/film/stolen-kisses/
966,1987,Moonstruck,https://letterboxd.com/film/moonstruck/
967,2008,Dear Zachary: A Letter to a Son About His Father,https://letterboxd.com/film/dear-zachary-a-letter-to-a-son-about-his-father/
968,2019,For Sama,https://letterboxd.com/film/for-sama/
969,1955,Lola Montès,https://letterboxd.com/film/lola-montes/
970,1996,"Comrades, Almost a Love Story",https://letterboxd.com/film/comrades-almost-a-love-story/
971,2003,"Spring, Summer, Fall, Winter... and Spring",https://letterboxd.com/film/spring-summer-fall-winter-and-spring/
972,1950,Born Yesterday,https://letterboxd.com/film/born-yesterday/
973,1951,Detective Story,https://letterboxd.com/film/detective-story/
974,2008,Slumdog Millionaire,https://letterboxd.com/film/slumdog-millionaire/
975,2009,The White Ribbon,https://letterboxd.com/film/the-white-ribbon/
976,1928,Speedy,https://letterboxd.com/film/speedy/
977,1950,La Ronde,https://letterboxd.com/film/la-ronde/
978,1928,The Fall of the House of Usher,https://letterboxd.com/film/the-fall-of-the-house-of-usher/
979,1983,Style Wars,https://letterboxd.com/film/style-wars/
980,1958,Gigi,https://letterboxd.com/film/gigi/
981,1966,Hunger,https://letterboxd.com/film/hunger-1966/
982,1972,Lone Wolf and Cub: Baby Cart at the River Styx,https://letterboxd.com/film/lone-wolf-and-cub-baby-cart-at-the-river-styx/
983,2023,Spider-Man: Across the Spider-Verse,https://letterboxd.com/film/spider-man-across-the-spider-verse/
984,1945,Scarlet Street,https://letterboxd.com/film/scarlet-street/
985,1971,Land of Silence and Darkness,https://letterboxd.com/film/land-of-silence-and-darkness/
986,1969,The Cow,https://letterboxd.com/film/the-cow-1969/
987,1943,Le Corbeau,https://letterboxd.com/film/le-corbeau/
988,1994,Quiz Show,https://letterboxd.com/film/quiz-show/
989,2022,Hundreds of Beavers,https://letterboxd.com/film/hundreds-of-beavers/
990,1996,Breaking the Waves,https://letterboxd.com/film/breaking-the-waves/
991,1964,Kwaidan,https://letterboxd.com/film/kwaidan/
992,1968,Monterey Pop,https://letterboxd.com/film/monterey-pop/
993,1994,Eat Drink Man Woman,https://letterboxd.com/film/eat-drink-man-woman/
994,2011,The Artist,https://letterboxd.com/film/the-artist/
995,1977,An Average Little Man,https://letterboxd.com/film/an-average-little-man/
996,1952,The Flavor of Green Tea Over Rice,https://letterboxd.com/film/the-flavor-of-green-tea-over-rice/
997,1977,"One Sings, the Other Doesn't",https://letterboxd.com/film/one-sings-the-other-doesnt/
998,1991,Barton Fink,https://letterboxd.com/film/barton-fink/
999,1992,The Player,https://letterboxd.com/film/the-player/
1000,2016,Moonlight,https://letterboxd.com/film/moonlight-2016/
